rank,model,test_accuracy,test_precision,test_recall,test_f1,roc_auc,test_loss
1,ensemble_soft,0.992,0.99430676490288,0.9896666666666668,0.9919812896759104,0.999602111111111,0.0318087928337918
2,efficientnet_b0,0.9896666666666668,0.991304347826087,0.988,0.9896494156928214,0.999556,0.0283463653138799
3,resnet50,0.9878333333333332,0.991272239006378,0.9843333333333332,0.9877906004348552,0.9992765555555556,0.0352712203537036
4,ensemble_hard,0.9875,0.9959308240081384,0.979,0.9873928391326272,0.999602111111111,0.0318087928337918
5,vgg16,0.9865,0.9886173418145296,0.9843333333333332,0.9864706864873892,0.9988225555555555,0.0460540258212907
6,simple_cnn,0.9718333333333332,0.978047956771361,0.9653333333333334,0.9716490521724545,0.9961287777777778,0.0837150774436692
