accuracy,precision,recall,f1,roc_auc,tn,fp,fn,tp
0.9936666666666667,0.992748846407383,0.9947159841479525,0.9937314417683932,0.9995388487174883,2950,22,16,3012
