model,test_loss,test_accuracy,test_precision,test_recall,test_f1,roc_auc
efficientnet_b0,0.02834636531387999,0.9896666666666667,0.991304347826087,0.988,0.9896494156928214,0.999556
