model,test_loss,test_accuracy,test_precision,test_recall,test_f1,roc_auc
ensemble_hard,0.031808792833791816,0.9875,0.9959308240081384,0.979,0.9873928391326273,0.999602111111111
