model,test_loss,test_accuracy,test_precision,test_recall,test_f1,roc_auc
ensemble_soft,0.031808792833791816,0.992,0.9943067649028801,0.9896666666666667,0.9919812896759105,0.999602111111111
