model,test_loss,test_accuracy,test_precision,test_recall,test_f1,roc_auc
resnet50,0.035271220353703635,0.9878333333333333,0.991272239006378,0.9843333333333333,0.9877906004348553,0.9992765555555556
