model,test_loss,test_accuracy,test_precision,test_recall,test_f1,roc_auc
simple_cnn,0.08371507744366924,0.9718333333333333,0.978047956771361,0.9653333333333334,0.9716490521724543,0.9961287777777778
