model,test_loss,test_accuracy,test_precision,test_recall,test_f1,roc_auc
vgg16,0.046054025821290756,0.9865,0.9886173418145296,0.9843333333333333,0.9864706864873893,0.9988225555555557
